{"class_name": "Sequential", "config": [{"class_name": "Lambda", "config": {"input_dtype": "float32", "name": "lambda_1", "trainable": true, "output_shape_type": "raw", "output_shape": null, "batch_input_shape": [null, 40, 80, 3], "arguments": {}, "function": ["\u00e3\u0001\u0000\u0000\u0000\u0000\u0000\u0000\u0000\u0001\u0000\u0000\u0000\u0002\u0000\u0000\u0000C\u0000\u0000\u0000s\f\u0000\u0000\u0000|\u0000\u0000d\u0001\u0000\u001bd\u0002\u0000\u0018S)\u0003Ng\u0000\u0000\u0000\u0000\u0000\u00e0_@g\u0000\u0000\u0000\u0000\u0000\u0000\u00f0?\u00a9\u0000)\u0001\u00da\u0001xr\u0001\u0000\u0000\u0000r\u0001\u0000\u0000\u0000\u00fa\bmodel.py\u00da\b<lambda>\u001a\u0000\u0000\u0000\u00f3\u0000\u0000\u0000\u0000", null, null], "function_type": "lambda"}}, {"class_name": "Convolution2D", "config": {"nb_col": 8, "nb_row": 8, "dim_ordering": "tf", "bias": true, "W_constraint": null, "W_regularizer": null, "init": "glorot_uniform", "name": "convolution2d_1", "trainable": true, "subsample": [1, 1], "b_regularizer": null, "activation": "linear", "activity_regularizer": null, "b_constraint": null, "border_mode": "same", "nb_filter": 16}}, {"class_name": "ELU", "config": {"name": "elu_1", "trainable": true, "alpha": 1.0}}, {"class_name": "Convolution2D", "config": {"nb_col": 5, "nb_row": 5, "dim_ordering": "tf", "bias": true, "W_constraint": null, "W_regularizer": null, "init": "glorot_uniform", "name": "convolution2d_2", "trainable": true, "subsample": [2, 2], "b_regularizer": null, "activation": "linear", "activity_regularizer": null, "b_constraint": null, "border_mode": "same", "nb_filter": 32}}, {"class_name": "ELU", "config": {"name": "elu_2", "trainable": true, "alpha": 1.0}}, {"class_name": "Convolution2D", "config": {"nb_col": 5, "nb_row": 5, "dim_ordering": "tf", "bias": true, "W_constraint": null, "W_regularizer": null, "init": "glorot_uniform", "name": "convolution2d_3", "trainable": true, "subsample": [2, 2], "b_regularizer": null, "activation": "linear", "activity_regularizer": null, "b_constraint": null, "border_mode": "same", "nb_filter": 64}}, {"class_name": "Flatten", "config": {"name": "flatten_1", "trainable": true}}, {"class_name": "Dropout", "config": {"name": "dropout_1", "trainable": true, "p": 0.2}}, {"class_name": "ELU", "config": {"name": "elu_3", "trainable": true, "alpha": 1.0}}, {"class_name": "Dense", "config": {"name": "dense_1", "b_regularizer": null, "W_regularizer": null, "b_constraint": null, "W_constraint": null, "trainable": true, "init": "glorot_uniform", "activation": "linear", "activity_regularizer": null, "input_dim": null, "output_dim": 512, "bias": true}}, {"class_name": "Dropout", "config": {"name": "dropout_2", "trainable": true, "p": 0.5}}, {"class_name": "ELU", "config": {"name": "elu_4", "trainable": true, "alpha": 1.0}}, {"class_name": "Dense", "config": {"name": "dense_2", "b_regularizer": null, "W_regularizer": null, "b_constraint": null, "W_constraint": null, "trainable": true, "init": "glorot_uniform", "activation": "linear", "activity_regularizer": null, "input_dim": null, "output_dim": 1, "bias": true}}], "keras_version": "1.1.2"}